,workload,strategy,version,discards,foundbug,time,inputs,throughput
0,RBTProplang,BespokeGenerator,0,0.0,1.0,0.01197564655172407,2190.1844827586206,98079.34834340558
1,RBTProplang,BespokeGenerator,1,0.0,1.0,0.023020954347826042,2964.5760869565215,65991.06402727084
2,RBTProplang,SpecificationBasedGenerator,0,6603.113725490196,0.984313725490196,1.524137762745098,51680.49411764706,61319.05154807455
3,RBTProplang,SpecificationBasedGenerator,1,8043.085271317829,0.9819121447028424,2.0688339974160206,62933.03100775194,42205.095536462264
4,RBTProplang,TypeBasedGenerator,0,41424.617021276594,0.9388297872340425,4.009568082446808,71391.14627659574,183563.2626948147
5,RBTProplang,TypeBasedGenerator,1,30572.348148148147,0.9259259259259259,4.8022793074074075,52699.292592592596,122047.64779764578
