,workload,strategy,version,discards,foundbug,time,counterexample,inputs,throughput
0,BSTProplang,BespokeFuzzer,0,0.0,1.0,0.01425233962264144,,124.94528301886793,8986.983041407042
1,BSTProplang,BespokeFuzzer,1,0.0,1.0,0.01825423584905653,,162.94905660377358,9033.43106115744
2,BSTProplang,TypeBasedFuzzer,0,115.82641509433962,1.0,0.016628896226415012,,93.76037735849057,10436.698447944154
3,BSTProplang,TypeBasedFuzzer,1,70.61132075471698,1.0,0.011408673584905594,,65.16981132075472,10566.541353043047
4,RBTProplang,TypeBasedFuzzer,0,9712.861035422344,0.9346049046321526,4.99090659400545,,5982.653950953679,11302.523219406501
5,RBTProplang,TypeBasedFuzzer,1,13745.163978494624,0.9354838709677419,5.368018094086021,,8348.287634408602,11268.63551131351
